,asset,scenario,chan,param,sharp_ratio,tot_pnl,std_pnl,num_days,max_drawdown,max_dd_period,profit_dd_ratio,all_profit,tot_cost,win_ratio,num_win,num_loss,profit_per_win,profit_per_loss
0,m,79,3,16,1.5604447342020402,840.0,17.09075152166078,500,-172.0,109,4.883720930232558,707.0,-132.0,0.4696969696969697,31,34,43.54838709677419,-18.91176470588235
1,m,78,3,15,1.5110935747903826,818.0,17.186688701930752,500,-214.0,127,3.822429906542056,686.0,-144.0,0.4861111111111111,35,36,41.4,-21.194444444444443
2,m,80,3,17,1.3837649385989943,751.0,17.230896773157642,500,-222.0,109,3.3828828828828827,611.0,-118.0,0.4576271186440678,27,29,46.333333333333336,-22.06896551724138
3,m,77,3,14,1.3025354857844205,676.0,16.47735118896265,500,-196.0,127,3.4489795918367347,526.0,-162.0,0.41975308641975306,34,46,42.05882352941177,-19.652173913043477
4,m,81,3,18,1.1256698044264546,625.0,17.62784677616435,500,-205.0,109,3.048780487804878,504.0,-112.0,0.42857142857142855,24,30,49.541666666666664,-22.833333333333332
5,m,63,3,0,1.1127106499847768,596.0,17.005690901756747,500,-239.0,127,2.493723849372385,470.0,-128.0,0.4375,28,35,46.32142857142857,-23.62857142857143
6,m,70,3,7,1.1027422997548786,586.0,16.87150590264087,500,-243.0,127,2.411522633744856,437.0,-136.0,0.4117647058823529,28,39,45.892857142857146,-21.743589743589745
7,m,64,3,1,1.0605880881556398,562.0,16.823634963549747,500,-244.0,109,2.30327868852459,471.0,-114.0,0.43859649122807015,25,31,49.44,-24.677419354838708
8,m,58,2,16,1.0000202377711482,591.0,18.76328857092999,500,-259.0,109,2.281853281853282,430.0,-154.0,0.45454545454545453,35,41,41.02857142857143,-24.536585365853657
9,m,57,2,15,0.9978330195418227,592.0,18.83623506709889,500,-248.0,127,2.3870967741935485,439.0,-164.0,0.47560975609756095,39,42,39.333333333333336,-26.071428571428573
0,RM,58,2,16,1.979043148845411,976.0,15.657586532798218,500,-135.0,38,7.229629629629629,809.0,-155.0,0.4805194805194805,37,38,40.432432432432435,-18.07894736842105
1,RM,49,2,7,1.9378397239900422,948.0,15.531762788254952,500,-183.0,37,5.180327868852459,781.0,-161.0,0.5125,41,38,38.24390243902439,-20.710526315789473
2,RM,42,2,0,1.853319704717073,941.0,16.120167356177863,500,-168.0,37,5.601190476190476,785.0,-151.0,0.5066666666666667,38,36,39.63157894736842,-20.02777777777778
3,RM,57,2,15,1.798686754344301,904.0,15.956702940691569,500,-155.0,37,5.832258064516129,730.0,-187.0,0.44086021505376344,41,52,40.09756097560975,-17.576923076923077
4,RM,56,2,14,1.7387670219442442,846.0,15.447536657265298,500,-141.0,40,6.0,632.0,-207.0,0.4368932038834951,45,56,37.24444444444445,-18.642857142857142
5,RM,59,2,17,1.6894176615780425,848.0,15.936358399523906,500,-160.0,77,5.3,684.0,-145.0,0.4722222222222222,34,35,40.61764705882353,-19.914285714285715
6,RM,78,3,15,1.6833712098822338,866.0,16.33308652493036,500,-204.0,37,4.245098039215686,717.0,-165.0,0.4878048780487805,40,41,39.35,-20.902439024390244
7,RM,50,2,8,1.652030570843872,815.0,15.662814162690879,500,-154.0,38,5.292207792207792,675.0,-145.0,0.5,36,35,39.361111111111114,-21.2
8,RM,70,3,7,1.620502967275166,812.0,15.9087649301637,500,-240.0,37,3.3833333333333333,670.0,-145.0,0.5277777777777778,38,32,38.526315789473685,-24.8125
9,RM,79,3,16,1.6025585207092043,819.0,16.225581499286243,500,-207.0,37,3.9565217391304346,676.0,-145.0,0.5,36,34,39.80555555555556,-22.264705882352942
0,y,65,3,2,0.9926443231462794,1116.0,35.69445845967493,500,-374.0,112,2.983957219251337,1012.0,-168.0,0.4523809523809524,19,22,120.21052631578948,-57.81818181818182
1,y,80,3,17,0.9721029992611527,1060.0,34.61974369209878,500,-402.0,33,2.63681592039801,824.0,-218.0,0.42592592592592593,23,30,104.26086956521739,-52.46666666666667
2,y,23,1,2,0.8926092178557965,1048.0,37.27607537806498,500,-492.0,133,2.130081300813008,924.0,-208.0,0.4230769230769231,22,30,114.0,-52.8
3,y,66,3,3,0.8818160987636535,990.0,35.644082274655425,500,-358.0,29,2.7653631284916202,866.0,-156.0,0.46153846153846156,18,19,116.11111111111111,-64.42105263157895
4,y,79,3,16,0.8500156124517795,912.0,34.06420061482515,500,-390.0,58,2.3384615384615386,626.0,-242.0,0.43333333333333335,26,33,94.53846153846153,-55.515151515151516
5,y,22,1,1,0.8383929090877393,964.0,36.50561787276782,500,-536.0,133,1.7985074626865671,706.0,-240.0,0.36666666666666664,22,37,114.36363636363636,-48.91891891891892
6,y,64,3,1,0.829967558044017,906.0,34.657509170218326,500,-414.0,99,2.1884057971014492,660.0,-204.0,0.4117647058823529,21,29,113.14285714285714,-59.172413793103445
7,y,53,2,11,0.7752353918009239,838.0,34.31947956124494,500,-326.0,130,2.5705521472392636,728.0,-166.0,0.4878048780487805,20,21,93.6,-54.476190476190474
8,y,30,1,9,0.7724917480892278,876.0,36.00315194395901,500,-576.0,135,1.5208333333333333,642.0,-224.0,0.375,21,34,116.57142857142857,-53.11764705882353
9,y,81,3,18,0.7723672162470193,862.0,35.4334712633626,500,-402.0,33,2.144278606965174,684.0,-206.0,0.43137254901960786,22,28,108.0,-60.42857142857143
0,p,11,0,11,0.5503561014354789,724.0,41.76620797075685,500,-1032.0,288,0.7015503875968992,408.0,-274.0,0.4411764705882353,30,38,96.06666666666666,-65.10526315789474
1,p,45,2,3,0.5208936941324042,600.0,36.570627854102895,500,-634.0,322,0.9463722397476341,384.0,-214.0,0.41509433962264153,22,31,103.54545454545455,-61.096774193548384
2,p,44,2,2,0.5017315177884748,552.0,34.92994971043541,500,-866.0,318,0.6374133949191686,268.0,-238.0,0.423728813559322,25,33,93.28,-62.54545454545455
3,p,65,3,2,0.4826960796205274,518.0,34.07110777138805,500,-844.0,213,0.6137440758293838,240.0,-238.0,0.4067796610169492,24,35,93.33333333333333,-57.142857142857146
4,p,66,3,3,0.4631149948265241,520.0,35.64878780750179,500,-652.0,406,0.7975460122699386,334.0,-206.0,0.43137254901960786,22,29,99.9090909090909,-64.27586206896552
5,p,74,3,11,0.443272615191564,498.0,35.66881709597407,500,-594.0,275,0.8383838383838383,244.0,-206.0,0.43137254901960786,22,29,96.18181818181819,-64.55172413793103
6,p,60,2,18,0.4319252074480877,478.0,35.135781053228925,500,-838.0,260,0.5704057279236276,176.0,-274.0,0.39705882352941174,27,40,88.44444444444444,-55.3
7,p,46,2,4,0.42413765274752085,486.0,36.37974970195306,500,-630.0,380,0.7714285714285715,238.0,-194.0,0.4375,21,27,95.42857142857143,-65.4074074074074
8,p,10,0,10,0.42009190653060396,554.0,41.86930155645842,500,-922.0,311,0.6008676789587852,204.0,-302.0,0.44,33,42,90.0,-65.85714285714286
9,p,67,3,4,0.3891583118383794,434.0,35.407371264748804,500,-610.0,275,0.7114754098360656,222.0,-186.0,0.45652173913043476,21,25,90.0952380952381,-66.8
0,l,23,1,2,1.5821034980962025,3405.0,68.33016847518887,500,-665.0,47,5.120300751879699,2515.0,-605.0,0.5,30,29,169.0,-88.10344827586206
1,l,65,3,2,1.4441251991020487,3020.0,66.39453945724361,500,-750.0,73,4.026666666666666,2265.0,-515.0,0.43137254901960786,22,28,218.86363636363637,-91.07142857142857
2,l,17,0,17,1.3943941696413453,3460.0,78.78087618772598,500,-710.0,90,4.873239436619718,2080.0,-1135.0,0.4336283185840708,49,64,147.55102040816325,-80.46875
3,l,69,3,6,1.3368694488588166,2880.0,68.39648059011684,500,-815.0,170,3.5337423312883436,2570.0,-305.0,0.4666666666666667,14,16,350.35714285714283,-145.9375
4,l,44,2,2,1.3213326863453514,2800.0,67.27847193249221,500,-640.0,117,4.375,1980.0,-555.0,0.43636363636363634,24,30,205.20833333333334,-98.16666666666667
5,l,2,0,2,1.319785050438255,3180.0,76.4987222704931,500,-650.0,47,4.892307692307693,2030.0,-835.0,0.43373493975903615,36,45,172.36111111111111,-92.77777777777777
6,l,74,3,11,1.2827709712847692,2485.0,61.50459112504463,500,-680.0,167,3.6544117647058822,2040.0,-425.0,0.4523809523809524,19,23,241.05263157894737,-110.43478260869566
7,l,68,3,5,1.2578257065646272,2650.0,66.88914946860415,500,-745.0,84,3.557046979865772,2345.0,-365.0,0.4444444444444444,16,20,314.375,-134.25
8,l,20,0,20,1.223940939365341,3235.0,83.91586766334113,500,-795.0,143,4.069182389937107,2210.0,-845.0,0.40476190476190477,34,48,204.7058823529412,-98.95833333333333
9,l,18,0,18,1.220820906892508,3085.0,80.22938744137609,500,-720.0,52,4.284722222222222,1950.0,-1005.0,0.41,41,59,170.0,-85.08474576271186
0,pp,14,0,14,1.9621947254838186,2994.0,60.706761694885806,399,-517.0,43,5.79110251450677,2094.0,-211.0,0.49523809523809526,52,53,106.0576923076923,-64.54716981132076
1,pp,77,3,14,1.8506099989721696,2558.0,54.99370890193437,399,-376.0,22,6.803191489361702,1672.0,-147.0,0.4794520547945205,35,38,113.34285714285714,-60.39473684210526
2,pp,15,0,15,1.785305938938737,2867.0,63.891401968107644,399,-686.0,72,4.179300291545189,2008.0,-187.0,0.46236559139784944,43,50,125.18604651162791,-67.5
3,pp,35,1,14,1.630629460499572,2288.0,55.82492013012799,399,-462.0,146,4.9523809523809526,1410.0,-171.0,0.5176470588235295,44,41,101.27272727272727,-74.29268292682927
4,pp,71,3,8,1.6047985405637473,2396.0,59.40098788527067,399,-376.0,22,6.372340425531915,1439.0,-107.0,0.4716981132075472,25,27,143.32,-79.4074074074074
5,pp,78,3,15,1.5925849092669009,2349.0,58.68239026031056,399,-421.0,107,5.57957244655582,1533.0,-131.0,0.4153846153846154,27,38,146.03703703703704,-63.421052631578945
6,pp,36,1,15,1.5751313855725273,2338.0,59.05478549045634,399,-548.0,107,4.266423357664234,1548.0,-147.0,0.4931506849315068,36,36,124.33333333333333,-81.33333333333333
7,pp,64,3,1,1.5670175995751074,2351.0,59.69062546690324,399,-429.0,77,5.480186480186481,1420.0,-101.0,0.44,22,27,157.5,-75.74074074074075
8,pp,66,3,3,1.5506370237710365,2413.0,61.91195919653167,399,-418.0,77,5.7727272727272725,1726.0,-77.0,0.5263157894736842,20,18,179.3,-103.33333333333333
9,pp,79,3,16,1.5245485219085175,2245.0,58.58716305097717,399,-416.0,107,5.396634615384615,1384.0,-123.0,0.4262295081967213,26,35,141.19230769230768,-65.34285714285714
0,a,25,1,4,0.5028615257232356,374.0,23.613124640983482,500,-511.0,280,0.7318982387475538,120.0,-103.0,0.5098039215686274,26,25,45.19230769230769,-42.2
1,a,32,1,11,0.5007825134171637,360.0,22.823571825236368,500,-431.0,316,0.8352668213457076,136.0,-114.0,0.45614035087719296,26,29,45.0,-35.6551724137931
2,a,4,0,4,0.44375080035705355,364.0,26.043089313712457,500,-563.0,93,0.6465364120781527,85.0,-129.0,0.4375,28,36,54.464285714285715,-40.0
3,a,33,1,12,0.3483649012010177,254.0,23.148859050732963,500,-450.0,280,0.5644444444444444,102.0,-106.0,0.49056603773584906,26,25,38.92307692307692,-36.4
4,a,26,1,5,0.3437572573427122,270.0,24.936882246832397,500,-498.0,280,0.5421686746987951,101.0,-91.0,0.5333333333333333,24,20,46.125,-50.3
5,a,74,3,11,0.3113118061634044,208.0,21.212800612357608,500,-273.0,75,0.7619047619047619,-1.0,-98.0,0.40816326530612246,20,29,51.5,-35.55172413793103
6,a,34,1,13,0.2842256297237727,208.0,23.23434124795564,500,-532.0,283,0.39097744360902253,52.0,-98.0,0.4897959183673469,24,23,39.166666666666664,-38.608695652173914
7,a,46,2,4,0.27250446750806917,193.0,22.48609020049973,500,-609.0,403,0.3169129720853859,-66.0,-101.0,0.48,24,26,40.875,-40.26923076923077
8,a,53,2,11,0.2695740447466922,186.0,21.906103504308632,500,-538.0,403,0.34572490706319703,-49.0,-112.0,0.42857142857142855,24,31,40.625,-33.03225806451613
9,a,5,0,5,0.2457252720683894,211.0,27.262325373480873,500,-614.0,93,0.34364820846905536,6.0,-115.0,0.47368421052631576,27,30,52.81481481481482,-47.333333333333336
0,rb,23,1,2,2.3810668476018524,1334.0,17.787483383836527,500,-141.0,183,9.460992907801419,1154.0,-131.0,0.49230769230769234,32,33,51.9375,-15.393939393939394
1,rb,2,0,2,2.2023331280396072,1337.0,19.274302100021306,500,-167.0,53,8.005988023952096,1124.0,-163.0,0.48148148148148145,39,41,49.02564102564103,-19.21951219512195
2,rb,10,0,10,2.1147790164165317,1320.0,19.817059107327875,500,-163.0,183,8.098159509202453,1126.0,-155.0,0.5064935064935064,39,38,49.56410256410256,-21.236842105263158
3,rb,1,0,1,2.1136369897375187,1266.0,19.01663062903,500,-141.0,23,8.97872340425532,996.0,-183.0,0.46153846153846156,42,47,46.714285714285715,-20.5531914893617
4,rb,31,1,10,2.0944704161053664,1208.0,18.311459885171704,500,-245.0,183,4.930612244897959,1044.0,-129.0,0.5,32,32,52.25,-19.625
5,rb,44,2,2,2.070906050006184,1093.0,16.756759291817968,500,-149.0,183,7.3355704697986575,924.0,-121.0,0.48333333333333334,29,31,49.793103448275865,-16.774193548387096
6,rb,30,1,9,2.0470870878084675,1152.0,17.86678561062712,500,-255.0,183,4.517647058823529,965.0,-147.0,0.4794520547945205,35,38,49.17142857142857,-19.894736842105264
7,rb,22,1,1,2.010539465209131,1121.0,17.702038309772163,500,-147.0,158,7.625850340136054,891.0,-155.0,0.45454545454545453,35,41,48.22857142857143,-19.4390243902439
8,rb,24,1,3,1.9759345138504152,1154.0,18.542296770871676,500,-226.0,183,5.106194690265487,1020.0,-123.0,0.4918032786885246,30,31,53.0,-18.387096774193548
9,rb,9,0,9,1.9354729870688598,1166.0,19.126772934443792,500,-287.0,183,4.062717770034843,941.0,-179.0,0.4943820224719101,44,45,44.43181818181818,-22.533333333333335
0,SR,11,0,11,1.60858718491796,1909.0,37.67832518009198,500,-533.0,58,3.5816135084427767,1695.0,-137.0,0.6176470588235294,42,26,73.80952380952381,-54.03846153846154
1,SR,10,0,10,1.5164750236158202,1825.0,38.20831389241093,500,-414.0,47,4.408212560386473,1488.0,-159.0,0.5822784810126582,46,33,70.82608695652173,-53.63636363636363
2,SR,32,1,11,1.4957877046814068,1582.0,33.578924824728524,500,-388.0,102,4.077319587628866,1404.0,-107.0,0.5849056603773585,31,21,81.03225806451613,-52.76190476190476
3,SR,31,1,10,1.438954265595762,1534.0,33.8461001148725,500,-356.0,94,4.308988764044944,1253.0,-123.0,0.5737704918032787,35,26,73.8,-51.15384615384615
4,SR,12,0,12,1.4087806395872078,1731.0,39.010719404503604,500,-450.0,8,3.8466666666666667,1540.0,-127.0,0.5714285714285714,36,27,76.0,-44.2962962962963
5,SR,22,1,1,1.3796692613432078,1475.0,33.942771298862645,500,-320.0,94,4.609375,1201.0,-137.0,0.5147058823529411,35,31,77.37142857142857,-48.61290322580645
6,SR,4,0,4,1.3753709644639516,1644.0,37.950039090017654,500,-526.0,107,3.1254752851711025,1470.0,-127.0,0.6507936507936508,41,22,70.53658536585365,-64.63636363636364
7,SR,53,2,11,1.3657927418706317,1350.0,31.38189999497464,500,-394.0,109,3.4263959390862944,1208.0,-91.0,0.5777777777777777,26,19,82.57692307692308,-49.421052631578945
8,SR,30,1,9,1.3377210629419822,1405.0,33.34579109223733,500,-330.0,94,4.257575757575758,1083.0,-133.0,0.5,33,32,80.78787878787878,-49.46875
9,SR,14,0,14,1.329380419354899,1539.0,36.755269222674215,500,-490.0,72,3.1408163265306124,1149.0,-223.0,0.4954954954954955,55,54,69.01818181818182,-49.01851851851852
0,TA,71,3,8,1.4159259147743022,1954.0,43.81414034062035,500,-414.0,78,4.719806763285024,1598.0,-300.0,0.49333333333333335,37,37,99.24324324324324,-56.054054054054056
1,TA,70,3,7,1.390220494871803,1888.0,43.11700332759576,500,-450.0,29,4.195555555555556,1552.0,-332.0,0.46987951807228917,39,43,102.71794871794872,-57.06976744186046
2,TA,64,3,1,1.3639526959333736,1932.0,44.97157311877755,500,-424.0,78,4.556603773584905,1630.0,-280.0,0.45714285714285713,32,37,116.1875,-56.432432432432435
3,TA,77,3,14,1.3243768983347681,1878.0,45.02090879199257,500,-450.0,58,4.173333333333333,1340.0,-428.0,0.45794392523364486,49,58,92.20408163265306,-54.793103448275865
4,TA,79,3,16,1.317621908118195,1836.0,44.23969617249727,500,-460.0,22,3.991304347826087,1476.0,-332.0,0.4578313253012048,38,45,107.10526315789474,-57.644444444444446
5,TA,73,3,10,1.309276019555118,1900.0,46.07365367676252,500,-570.0,133,3.3333333333333335,1782.0,-226.0,0.48214285714285715,27,29,136.22222222222223,-65.37931034482759
6,TA,63,3,0,1.2793967200183838,1774.0,44.02290003458325,500,-560.0,148,3.1678571428571427,1462.0,-320.0,0.4375,35,44,112.22857142857143,-56.04545454545455
7,TA,76,3,13,1.2583473782488568,1948.0,49.149450872233395,500,-480.0,133,4.058333333333334,1678.0,-174.0,0.4883720930232558,21,22,157.14285714285714,-73.72727272727273
8,TA,72,3,9,1.2536797875218098,1784.0,45.179195382286096,500,-408.0,34,4.372549019607843,1500.0,-262.0,0.4461538461538462,29,36,127.03448275862068,-60.666666666666664
9,TA,78,3,15,1.1693087497045438,1682.0,45.66958425310771,500,-528.0,92,3.1856060606060606,1262.0,-384.0,0.4166666666666667,40,55,106.45,-54.472727272727276
0,i,35,1,14,2.011054346272671,330.0,5.393159598929392,483,-61.5,61,5.365853658536586,188.0,-120.5,0.4083333333333333,49,65,11.051020408163266,-5.438461538461539
1,i,56,2,14,1.9476340909974976,317.0,5.349399516493943,483,-52.5,117,6.038095238095238,192.0,-116.5,0.43103448275862066,50,64,10.73,-5.3828125
2,i,36,1,15,1.8234957874140791,302.5,5.452224804992499,483,-75.5,64,4.006622516556291,154.5,-111.5,0.38738738738738737,43,60,11.255813953488373,-5.491666666666666
3,i,39,1,18,1.8216787805105785,319.0,5.755353758678719,483,-61.0,61,5.229508196721311,247.5,-72.0,0.4722222222222222,34,34,13.602941176470589,-6.323529411764706
4,i,57,2,15,1.819357426711035,301.5,5.446561704996073,483,-50.5,61,5.97029702970297,167.0,-106.5,0.42452830188679247,45,54,10.688888888888888,-5.814814814814815
5,i,42,2,0,1.7232613965558874,286.5,5.464200247354322,483,-51.5,61,5.563106796116505,173.0,-92.5,0.42391304347826086,39,49,11.782051282051283,-5.846938775510204
6,i,60,2,18,1.698733683571113,292.0,5.649508842768074,483,-46.5,111,6.279569892473118,221.0,-72.0,0.4861111111111111,35,34,12.4,-6.264705882352941
7,i,14,0,14,1.6772804421882497,304.0,5.956910023212297,483,-56.5,61,5.380530973451328,136.5,-147.5,0.36054421768707484,53,91,11.415094339622641,-5.148351648351649
8,i,22,1,1,1.6689798389712154,289.0,5.691148159678439,483,-57.5,21,5.026086956521739,207.5,-76.5,0.5131578947368421,39,35,11.871794871794872,-7.3
9,i,29,1,8,1.6397706598793538,281.5,5.642199361237696,483,-61.0,61,4.614754098360656,174.5,-87.5,0.4827586206896552,42,42,11.535714285714286,-7.380952380952381
0,ru,69,3,6,1.3718155075979384,6280.0,145.343027322202,500,-1965.0,200,3.1959287531806617,5555.0,-375.0,0.40540540540540543,15,22,732.3333333333334,-246.8181818181818
1,ru,82,3,19,1.1437573432450348,5055.0,140.31933912995646,500,-2585.0,200,1.9555125725338491,4265.0,-605.0,0.4,24,36,480.2083333333333,-201.66666666666666
2,ru,68,3,5,1.1027519691297116,5085.0,146.40077689325935,500,-1910.0,200,2.662303664921466,4280.0,-435.0,0.4418604651162791,19,24,542.1052631578947,-250.83333333333334
3,ru,80,3,17,1.0810833257083172,4765.0,139.93746491978607,500,-2325.0,112,2.0494623655913977,4115.0,-705.0,0.44285714285714284,31,39,400.80645161290323,-213.07692307692307
4,ru,81,3,18,1.0678227022631837,4685.0,139.29666263209927,500,-2290.0,200,2.0458515283842793,3930.0,-675.0,0.43283582089552236,29,38,409.13793103448273,-208.81578947368422
5,ru,67,3,4,1.050074508542055,4935.0,149.20978594060406,500,-2335.0,200,2.113490364025696,4290.0,-485.0,0.4583333333333333,22,26,491.1363636363636,-250.57692307692307
6,ru,79,3,16,0.9676741733460829,4180.0,137.14418491102646,500,-2435.0,410,1.7166324435318274,3535.0,-815.0,0.43209876543209874,35,45,357.0,-199.11111111111111
7,ru,66,3,3,0.9669213927562362,4495.0,147.59403069159532,500,-2315.0,200,1.9416846652267818,3925.0,-535.0,0.41509433962264153,22,31,497.27272727272725,-226.29032258064515
8,ru,65,3,2,0.9607090995174733,4385.0,144.91320427603242,500,-2140.0,70,2.0490654205607477,3740.0,-595.0,0.4067796610169492,24,34,478.5416666666667,-227.7941176470588
9,ru,83,3,20,0.9494671479442152,4275.0,142.9507514309363,500,-2785.0,200,1.5350089766606823,3550.0,-575.0,0.40350877192982454,23,34,478.2608695652174,-219.11764705882354
0,j,80,3,17,1.9763883368877948,485.0,7.7911169292991636,500,-113.5,356,4.273127753303965,342.0,-68.5,0.45588235294117646,31,34,22.20967741935484,-10.191176470588236
1,j,38,1,17,1.884804407588574,491.0,8.270760967042143,500,-99.5,300,4.934673366834171,335.5,-75.5,0.41333333333333333,31,42,23.64516129032258,-9.464285714285714
2,j,17,0,17,1.8682567152788452,525.5,8.93030793419797,500,-133.0,289,3.9511278195488724,360.5,-87.5,0.4367816091954023,38,45,21.11842105263158,-9.822222222222223
3,j,77,3,14,1.8295672043490674,421.0,7.305736346675417,500,-100.0,357,4.21,287.0,-101.5,0.39603960396039606,40,55,17.625,-7.6
4,j,59,2,17,1.827850636276841,460.0,7.990011299186143,500,-125.0,290,3.68,297.0,-74.5,0.40540540540540543,30,41,23.666666666666668,-10.073170731707316
5,j,83,3,20,1.7724591821707767,444.0,7.9531100784435065,500,-140.0,287,3.1714285714285713,336.0,-58.5,0.4482758620689655,26,29,26.03846153846154,-11.758620689655173
6,j,41,1,20,1.7536514694426795,465.0,8.418601171892085,500,-133.0,178,3.4962406015037595,338.5,-65.5,0.4153846153846154,27,37,27.85185185185185,-11.175675675675675
7,j,81,3,18,1.7534032322372113,435.5,7.885634118503204,500,-132.0,357,3.2992424242424243,312.0,-65.5,0.46153846153846156,30,35,22.333333333333332,-10.228571428571428
8,j,40,1,19,1.7525493895778967,461.0,8.351431543013167,500,-129.0,118,3.5736434108527133,348.5,-67.5,0.417910447761194,28,38,27.071428571428573,-10.776315789473685
9,j,74,3,11,1.7381301759697412,438.5,8.009724237745608,500,-110.0,287,3.9863636363636363,301.5,-48.5,0.5416666666666666,26,21,23.03846153846154,-14.166666666666666
0,jd,6,0,6,0.41561376043895776,317.0,33.82101117401281,358,-528.0,189,0.6003787878787878,25.0,-87.0,0.46511627906976744,20,23,76.35,-65.30434782608695
1,jd,0,0,0,0.41290342790449497,283.0,30.39171380646096,358,-290.0,76,0.9758620689655172,-82.0,-163.0,0.41975308641975306,34,47,54.470588235294116,-41.148936170212764
2,jd,55,2,13,0.4118295679151673,266.0,28.640550161663157,358,-365.0,38,0.7287671232876712,124.0,-75.0,0.4594594594594595,17,20,76.41176470588235,-58.75
3,jd,27,1,6,0.3986555102809609,287.0,31.92282882177504,358,-362.0,70,0.7928176795580111,168.0,-68.0,0.5,17,17,80.52941176470588,-70.6470588235294
4,jd,13,0,13,0.3876128242556498,276.0,31.573897042424843,358,-530.0,210,0.5207547169811321,-49.0,-105.0,0.5,26,26,64.34615384615384,-66.23076923076923
5,jd,49,2,7,0.34167142667141615,198.0,25.6964880934428,358,-357.0,159,0.5546218487394958,-70.0,-139.0,0.4057971014492754,28,41,51.607142857142854,-36.951219512195124
6,jd,42,2,0,0.3315227624141167,192.0,25.68059725634253,358,-293.0,168,0.6552901023890785,1.0,-127.0,0.3968253968253968,25,38,54.72,-35.973684210526315
7,jd,20,0,20,0.3301561396803498,237.0,31.8307016387041,358,-370.0,209,0.6405405405405405,-134.0,-131.0,0.4461538461538462,29,36,57.241379310344826,-49.833333333333336
8,jd,57,2,15,0.30588551611099085,173.0,25.078666117508075,358,-284.0,95,0.6091549295774648,-95.0,-145.0,0.4166666666666667,30,42,49.96666666666667,-37.95238095238095
9,jd,48,2,6,0.3009052646138866,213.0,31.3882469640821,358,-391.0,70,0.5447570332480819,176.0,-60.0,0.4666666666666667,14,16,87.92857142857143,-65.9375
0,jm,56,2,14,0.986094534703127,164.0,5.280263095406651,500,-166.5,448,0.984984984984985,52.5,-104.0,0.3557692307692308,37,60,11.783783783783784,-6.391666666666667
1,jm,58,2,16,0.8129349886634288,141.5,5.526254606870726,500,-173.5,448,0.8155619596541787,35.0,-87.0,0.27586206896551724,24,59,18.1875,-6.805084745762712
2,jm,79,3,16,0.7254298569261713,122.0,5.339427213281577,500,-181.5,448,0.6721763085399449,21.5,-81.0,0.30864197530864196,25,53,16.6,-7.4245283018867925
3,jm,57,2,15,0.7237464051879072,124.5,5.461515843666596,500,-162.5,448,0.7661538461538462,11.5,-98.0,0.32653061224489793,32,61,12.9375,-6.598360655737705
4,jm,77,3,14,0.6449911903033277,104.5,5.143903039225556,500,-185.0,448,0.5648648648648649,-1.0,-102.0,0.3627450980392157,37,61,11.04054054054054,-6.713114754098361
5,jm,50,2,8,0.6434758727951155,114.5,5.649415083135875,500,-177.0,448,0.6468926553672316,23.0,-79.0,0.3291139240506329,26,52,16.942307692307693,-8.028846153846153
6,jm,14,0,14,0.6168243923357868,117.5,6.047927732679966,500,-212.0,438,0.5542452830188679,-10.5,-136.5,0.36764705882352944,50,83,10.71,-6.578313253012048
7,jm,35,1,14,0.6100125325762132,102.0,5.308742741836149,500,-197.0,448,0.5177664974619289,-9.5,-109.0,0.3669724770642202,40,65,11.375,-7.1461538461538465
8,jm,43,2,1,0.6064588123751165,108.5,5.6801354629758185,500,-167.5,448,0.6477611940298508,8.5,-75.0,0.30666666666666664,23,49,17.956521739130434,-8.255102040816327
9,jm,64,3,1,0.594309143506841,102.0,5.449015281229274,500,-175.5,448,0.5811965811965812,12.0,-68.0,0.36764705882352944,25,42,15.54,-8.964285714285714
0,ag,23,1,2,0.7286521838839748,690.0,30.06485308099082,500,-546.0,198,1.2637362637362637,512.0,-117.0,0.41379310344827586,24,34,84.04166666666667,-44.26470588235294
1,ag,30,1,9,0.6912077618328616,639.0,29.35097401025563,500,-427.0,77,1.4964871194379392,479.0,-127.0,0.36507936507936506,23,39,88.34782608695652,-39.82051282051282
2,ag,39,1,18,0.6342310645804264,596.0,29.835204286709004,500,-560.0,198,1.0642857142857143,446.0,-123.0,0.36065573770491804,22,39,93.9090909090909,-41.53846153846154
3,ag,29,1,8,0.6170873222215438,562.0,28.91478434135406,500,-432.0,198,1.3009259259259258,427.0,-141.0,0.38571428571428573,27,43,77.81481481481481,-38.93023255813954
4,ag,40,1,19,0.5489500493718724,512.0,29.611976670338123,500,-571.0,198,0.8966725043782837,356.0,-119.0,0.3559322033898305,21,38,94.76190476190476,-43.0
5,ag,28,1,7,0.5240908431388853,479.0,29.01744751905381,500,-464.0,198,1.0323275862068966,346.0,-155.0,0.35064935064935066,27,48,81.5925925925926,-38.6875
6,ag,7,0,7,0.5137105336857688,574.0,35.47510482189233,500,-433.0,207,1.325635103926097,420.0,-177.0,0.3409090909090909,30,55,81.76666666666667,-36.96363636363636
7,ag,38,1,17,0.4966972309376555,465.0,29.722920516127214,500,-515.0,198,0.9029126213592233,302.0,-135.0,0.373134328358209,25,41,85.08,-44.51219512195122
8,ag,14,0,14,0.49100299238971723,542.0,35.046561413837274,500,-362.0,63,1.4972375690607735,409.0,-199.0,0.37373737373737376,37,60,67.48648648648648,-34.8
9,ag,22,1,1,0.4888078104701734,458.0,29.747988665779047,500,-568.0,198,0.8063380281690141,302.0,-135.0,0.373134328358209,25,42,79.92,-40.38095238095238
0,cu,63,3,0,1.6561488354355143,15640.0,299.8248680530119,500,-3190.0,184,4.90282131661442,12870.0,-1010.0,0.56,28,22,735.0,-350.45454545454544
1,cu,80,3,17,1.6189524774177801,15400.0,302.00691441208,500,-2370.0,58,6.4978902953586495,11860.0,-1050.0,0.5,26,26,761.5384615384615,-305.38461538461536
2,cu,64,3,1,1.563353609451887,15190.0,308.4827041464643,500,-3020.0,58,5.029801324503311,12390.0,-910.0,0.5777777777777777,26,19,786.5384615384615,-424.2105263157895
3,cu,65,3,2,1.553664255561185,15840.0,323.68924457588673,500,-2740.0,58,5.781021897810219,11510.0,-810.0,0.475,19,19,1048.421052631579,-442.63157894736844
4,cu,70,3,7,1.5523828226002687,14590.0,298.3916935935235,500,-3060.0,251,4.76797385620915,11490.0,-1090.0,0.5185185185185185,28,26,726.0714285714286,-340.0
5,cu,79,3,16,1.5064836628364127,14030.0,295.68106294107497,500,-2110.0,58,6.649289099526066,10740.0,-1170.0,0.5517241379310345,32,26,600.9375,-326.53846153846155
6,cu,71,3,8,1.4767097870941346,14200.0,305.297647070221,500,-2890.0,58,4.913494809688581,11310.0,-990.0,0.5102040816326531,25,24,838.8,-402.5
7,cu,72,3,9,1.4213072073075406,14200.0,317.1981546898994,500,-2690.0,58,5.278810408921933,9830.0,-890.0,0.5,22,21,864.5454545454545,-437.6190476190476
8,cu,74,3,11,1.3926909896120583,14710.0,335.3421720343109,500,-3480.0,56,4.227011494252873,11450.0,-730.0,0.5277777777777778,19,17,988.421052631579,-431.1764705882353
9,cu,75,3,12,1.3787040242239563,14810.0,341.04703746481516,500,-3360.0,56,4.407738095238095,11000.0,-690.0,0.5882352941176471,20,14,863.0,-447.14285714285717
0,IF,80,3,17,1.7581892087290378,2883.4000000000015,52.0678386088264,500,-302.2000000000007,28,9.54136333553936,2847.1999999999957,-59.99999999999988,0.41333333333333333,31,43,133.16129032258064,-29.786046511628005
1,IF,79,3,16,1.6766803965069241,2769.8000000000025,52.44793459734194,500,-383.7999999999993,3,7.216779572694132,2608.999999999992,-64.79999999999988,0.4444444444444444,36,45,114.28333333333333,-33.448888888889066
2,IF,64,3,1,1.621521990245877,2579.799999999997,50.51187173538939,500,-364.8000000000011,94,7.0718201754385674,2442.199999999994,-53.5999999999999,0.417910447761194,28,39,135.39285714285705,-34.58461538461547
3,IF,81,3,18,1.6048956715849114,2683.1999999999994,53.080683388007344,500,-375.59999999999854,66,7.143769968051144,2637.9999999999964,-54.3999999999999,0.4264705882352941,29,39,138.75862068965523,-35.53846153846167
4,IF,82,3,19,1.5950910135406928,2819.399999999998,56.11791063776965,500,-415.0,94,6.793734939759031,2922.5999999999885,-46.39999999999992,0.46551724137931033,27,31,151.5703703703702,-37.73548387096797
5,IF,59,2,17,1.5161874941628026,2507.4000000000024,52.50503803444007,500,-405.7999999999993,44,6.178905864958124,2474.3999999999965,-61.59999999999987,0.42857142857142855,33,43,123.09696969696965,-36.925581395348885
6,IF,71,3,8,1.5079796077377454,2423.1999999999966,51.01807380477535,500,-313.0,66,7.741853035143759,2335.599999999995,-60.79999999999989,0.4342105263157895,33,43,119.51515151515142,-37.40465116279074
7,IF,61,2,19,1.4848283488238123,2660.000000000001,56.87686520538191,500,-480.7999999999993,44,5.532445923460909,2768.7999999999915,-47.19999999999992,0.4745762711864407,28,31,148.2571428571427,-44.59354838709691
8,IF,58,2,16,1.4845574944309503,2462.400000000005,52.6613328440691,500,-458.7999999999993,94,5.367044463818677,2309.599999999993,-66.39999999999989,0.46987951807228917,39,44,103.95384615384613,-39.650000000000134
9,IF,77,3,14,1.4422259624204636,2410.3999999999974,53.06230058003229,500,-609.8000000000011,94,3.9527714004591554,2312.1999999999866,-85.60000000000002,0.42990654205607476,46,61,99.85652173913029,-37.39672131147551
0,ME,57,2,15,2.5005986386859127,1166.0,22.636385308856948,327,-149.0,73,7.825503355704698,972.0,-113.0,0.48214285714285715,27,26,55.96296296296296,-20.73076923076923
1,ME,15,0,15,2.477690323902727,1304.0,25.549539937409868,327,-168.0,77,7.761904761904762,1151.0,-146.0,0.4931506849315068,36,36,56.69444444444444,-24.72222222222222
2,ME,68,3,5,2.471915473198696,1141.0,22.40807483033563,327,-153.0,76,7.457516339869281,959.0,-47.0,0.5652173913043478,13,10,91.07692307692308,-22.5
3,ME,47,2,5,2.4673629692327004,1154.0,22.7051975081432,327,-122.0,46,9.459016393442623,974.0,-53.0,0.6538461538461539,17,9,74.82352941176471,-33.111111111111114
4,ME,71,3,8,2.4563118481060187,1097.0,21.68081692545103,327,-122.0,68,8.991803278688524,896.0,-81.0,0.525,21,19,59.666666666666664,-18.789473684210527
5,ME,36,1,15,2.4461233317119353,1207.0,23.954187120785885,327,-243.0,203,4.967078189300412,1024.0,-127.0,0.49206349206349204,31,30,54.61290322580645,-22.3
6,ME,72,3,9,2.4248099306814366,1085.0,21.722237308888854,327,-121.0,81,8.96694214876033,905.0,-73.0,0.5555555555555556,20,16,61.1,-19.8125
7,ME,26,1,5,2.3794104863445584,1198.0,24.442181490572523,327,-241.0,173,4.970954356846473,993.0,-69.0,0.5294117647058824,18,16,84.61111111111111,-33.125
8,ME,5,0,5,2.3749577576119503,1286.0,26.2867924963749,327,-229.0,48,5.615720524017467,1054.0,-79.0,0.5384615384615384,21,17,86.19047619047619,-44.470588235294116
9,ME,46,2,4,2.3684147521890035,1120.0,22.956875707481153,327,-196.0,76,5.714285714285714,959.0,-59.0,0.6551724137931034,19,10,67.84210526315789,-33.0
