{"config": {"name": "RsiAtr2", "data_func": [["RSI", "dh.RSI_F", "dh.rsi_f", {"field": "close"}], ["ATR", "dh.ATR", "dh.atr"], ["ATRMA", "dh.MA", "dh.ma"]], "pos_scaler": 1.0, "num_tick": 1, "assets": [{"underliers": ["rb1801"], "volumes": [1], "alloc_w": 4.0, "freq": 3, "rsi_win": 28, "rsi_th": 15.0, "atrma_win": 20, "atr_win": 14, "stoploss": 4.0, "close_tday": false}, {"underliers": ["hc1801"], "volumes": [1], "alloc_w": 2.0, "freq": 1, "rsi_win": 14, "rsi_th": 15.0, "atrma_win": 20, "atr_win": 14, "stoploss": 16.0, "close_tday": false}, {"underliers": ["i1801"], "volumes": [1], "alloc_w": 1.0, "freq": 3, "rsi_win": 14, "rsi_th": 25.0, "atrma_win": 10, "atr_win": 21, "stoploss": 24.0, "close_tday": false}, {"underliers": ["j1801"], "volumes": [1], "alloc_w": 1.0, "freq": 1, "rsi_win": 14, "rsi_th": 15.0, "atrma_win": 10, "atr_win": 14, "stoploss": 24.0, "close_tday": false}, {"underliers": ["ZC801"], "volumes": [1], "alloc_w": 1.0, "freq": 3, "rsi_win": 21, "rsi_th": 25.0, "atrma_win": 20, "atr_win": 21, "stoploss": 20.0, "close_tday": false}, {"underliers": ["ni1801"], "volumes": [1], "alloc_w": 1.0, "freq": 1, "rsi_win": 21, "rsi_th": 30.0, "atrma_win": 10, "atr_win": 14, "stoploss": 12.0, "close_tday": false}, {"underliers": ["ru1801"], "volumes": [1], "alloc_w": 1.0, "freq": 1, "rsi_win": 21, "rsi_th": 25.0, "atrma_win": 20, "atr_win": 21, "stoploss": 8.0, "close_tday": true}, ]}, "class": "strat_rsiatr.RsiAtrStrat"}
